id_viaje,fecha,conductor,ciudad_origen,ciudad_destino,tipo_vehiculo,distancia_km,peso_toneladas,costo_flete,combustible_gal,duracion_horas,estado
CG-1167,2026-06-12,Julian Castro,  BOGOTA ,Bucaramanga,Tractomula,415,19,3221000,79.5,10.2,Entregado
CG-1448,28/07/2026,Hector Vargas,Bogota,Cali,Tractomula,436,32.7,3937000,77,11.5,Entregado
CG-1087,2026-01-12,Luis Ramirez,  BARRANQUILLA ,Santa Marta,Tractomula,99,15.8,1208000,21.6,3.4,En ruta
CG-1039,31/03/2026,FABIAN ROJAS,Medellin,Cartagena,Tractomula,674,26.6,4814000,136.3,17,Entregado
CG-1402,2026-06-08,Jorge Muñoz,Bogota,barranquilla,Sencillo,967,4.6,$ 3.003.000,123.6,23.5,Entregado
CG-1226,2026-06-26,Fabian Rojas,Bogota,Medellin,Sencillo,398,8,1563000,51.5,10.5,Entregado
CG-1329,09/03/2026,Wilson Ortiz,Bucaramanga,Cucuta,Tractomula,192,36.8,$ 2.519.000,34.5,6,Cancelado
CG-1108,2026-05-04,Andres Gomez,Cartagena,bogota,Sencillo,1019,6.8,3268000,120.4,22.9,Entregado
CG-1161,2026-06-11,Andres Gomez,Cali,Medellin,Sencillo,449,5.1,1683000,58.3,11.8,Entregado
CG-1264,08-05-2026,Jorge Muñoz,  BOGOTA ,Cali,Doble troque,458,16.5,,60.8,11.7,Entregado
CG-1004,2026-08-06,Wilson Ortiz,Bogota,Bucaramanga,Tractomula,400,28.8,3548000,79.8,10.4,Entregado
CG-1383,29-03-2026,Hector Vargas,Bogota,barranquilla,Sencillo,974,7.5,3130000,116.5,21.5,Entregado
CG-1480,09/07/2026,Carlos Pena,Barranquilla,Santa Marta,Tractomula,94,18.7,$ 1.276.000,17.4,4.4,Entregado
CG-1318,22/03/2026,Luis Ramirez,Barranquilla,Santa Marta,Turbo,85,3.2,486000,9.7,3.4,Entregado
CG-1051,2026-06-29,Wilson Ortiz,  MEDELLIN ,Cartagena,Sencillo,639,,2193000,83.7,13.9,Entregado
CG-1100,21/01/2026,JULIAN CASTRO,Bogota,Barranquilla,Turbo,1067,4.7,2502000,119.4,22.3,Entregado
CG-1268,2026-06-27,Diego Salazar,Bogota,Barranquilla,Turbo,1002,4.8,2309000,118.7,21.3,Entregado
CG-1062,25/05/2026,Fabian Rojas,Medellin,Bogota,Turbo,432,2.6,1000000,51.3,11.2,Cancelado
CG-1001,2026-05-31,Diego Salazar,Bogota,medellin,Tractomula,417,12.6,2634000,99.6,10.9,Entregado
CG-1204,2026-04-09,ANDRES GOMEZ,Bogota,Bucaramanga,Sencillo,377,7.4,1314000,48.5,9.8,Entregado
CG-1441,25/03/2026,Fabian Rojas,Bogota,Bucaramanga,Sencillo,361,6.9,1314000,46.8,10,En ruta
CG-1024,03-02-2026,Wilson Ortiz,Medellin,Bogota,Doble troque,413,15.3,2236000,64.5,11.9,Entregado
CG-1133,2026-01-06,FABIAN ROJAS,Barranquilla,Santa Marta,Doble troque,93,8.1,,12.8,3.6,Entregado
CG-1316,2026-08-19,Julian Castro,Bucaramanga,cucuta,Turbo,201,1.5,388000,21.5,5.7,Entregado
CG-1304,10-02-2026,LUIS RAMIREZ,  BOGOTA ,Barranquilla,Turbo,961,3.3,2253000,114,22.3,Entregado
CG-1042,2026-07-04,Luis Ramirez,Bogota,Bucaramanga,Doble troque,427,12.7,$ 2.167.000,61.2,9.6,Entregado
CG-1455,15/02/2026,JULIAN CASTRO,Bogota,Medellin,Turbo,394,4,994000,43.8,10.5,Entregado
CG-1453,2026-02-14,Andres Gomez,Barranquilla,Santa Marta,Sencillo,101,7.9,711000,12.2,3.5,Entregado
CG-1349,13-01-2026,Jorge Muñoz,  BARRANQUILLA ,Santa Marta,Turbo,87,3.2,267000,10.1,2.9,En ruta
CG-1054,2026-07-13,Wilson Ortiz,  MEDELLIN ,Cartagena,Sencillo,650,5.8,2051000,84.4,12.4,Entregado
CG-1344,2026-05-08,Jorge Muñoz,  BOGOTA ,Villavicencio,Tractomula,126,29.4,1993000,23.9,4.9,En ruta
CG-1025,2026-09-05,Carlos Pena,Bucaramanga,Cucuta,Doble troque,191,9.5,1231000,25.7,6.9,Entregado
CG-1066,2026-02-13,Luis Ramirez,  BOGOTA ,Barranquilla,Tractomula,1077,23.2,6897000,223.7,23.9,Entregado
CG-1136,2026-02-13,Mauricio Leon,Bogota,Bucaramanga,Turbo,398,4.4,911000,48.2,10.9,Entregado
CG-1067,2026-01-22,Diego Salazar,Bogota,Medellin,Turbo,399,2.5,884000,44.2,9.3,Entregado
CG-1192,04/05/2026,Mauricio Leon,Bogota,Barranquilla,Tractomula,1003,25,6547000,226.9,26.6,Entregado
CG-1456,16/03/2026,Jorge Muñoz,Cartagena,Bogota,Doble troque,969,11.5,4301000,157.7,22.3,Entregado
CG-1105,21/06/2026,JULIAN CASTRO,Cali,medellin,Sencillo,463,7.2,1727000,57.9,10.7,Entregado
CG-1001,2026-05-31,Diego Salazar,Bogota,medellin,Tractomula,417,12.6,2634000,99.6,10.9,Entregado
CG-1200,2026-08-30,Luis Ramirez,  BOGOTA ,Bucaramanga,Doble troque,382,14.6,,59.1,9.7,Entregado
CG-1180,25-01-2026,Wilson Ortiz,Cali,Medellin,Doble troque,387,7.8,,54.1,10.2,Entregado
CG-1386,2026-07-06,Hector Vargas,Bogota,barranquilla,Tractomula,958,30,$ 6.537.000,153.8,20.4,En ruta
CG-1046,26/04/2026,Jorge Muñoz,  CARTAGENA ,Bogota,Doble troque,1094,9,$ 4.691.000,146.3,25.9,Cancelado
CG-1205,2026-05-03,MAURICIO LEON,Cartagena,Bogota,Doble troque,1148,15.4,5235000,147.4,20.9,Cancelado
CG-1234,2026-06-11,Carlos Pena,Bogota,villavicencio,Sencillo,130,6.1,$ 718.000,15,5,Entregado
CG-1125,2026-03-25,JORGE MUÑOZ,Bogota,Cali,Sencillo,-451,5.2,$ 1.824.000,49.3,10.3,Entregado
CG-1276,07/05/2026,Mauricio Leon,Bucaramanga,Cucuta,Doble troque,199,15.2,1617000,27.9,5.5,Entregado
CG-1286,2026-08-24,Hector Vargas,Bucaramanga,Cucuta,Tractomula,209,21,2011000,41.2,5.7,Entregado
CG-1110,13/06/2026,Wilson Ortiz,Cali,Medellin,Sencillo,434,5.7,1728000,51.6,10.9,Entregado
CG-1396,07/01/2026,Mauricio Leon,Medellin,cartagena,Doble troque,624,17,,92.1,15.9,En ruta
CG-1120,2026-05-05,Wilson Ortiz,Medellin,Cartagena,Doble troque,673,12.5,3151000,94.1,16.8,Cancelado
CG-1442,2026-03-08,Mauricio Leon,Bogota,Bucaramanga,Turbo,398,3.9,$ 866.000,43.9,11.1,Cancelado
CG-1276,07/05/2026,Mauricio Leon,Bucaramanga,Cucuta,Doble troque,199,15.2,1617000,27.9,5.5,Entregado
CG-1153,21/08/2026,Mauricio Leon,Bogota,Barranquilla,Sencillo,898,7.1,2859000,100.8,17.9,Entregado
CG-1096,2026-08-17,Jorge Muñoz,Barranquilla,Santa Marta,Sencillo,102,8,498000,12.4,3.6,Entregado
CG-1010,2026-08-22,Hector Vargas,  BOGOTA ,Barranquilla,Doble troque,931,8,$ 4.045.000,123.3,21.7,Cancelado
CG-1148,26/04/2026,Carlos Pena,Bogota,medellin,Tractomula,434,25.3,,82.1,11.2,Entregado
CG-1258,2026-04-27,MAURICIO LEON,Bucaramanga,Cucuta,Turbo,211,3.9,635000,21.8,5.6,Entregado
CG-1503,15/04/2026,HECTOR VARGAS,Bogota,Medellin,Turbo,431,3.4,1181000,50.7,10.8,Entregado
CG-1011,2026-05-08,Jorge Muñoz,Bogota,Villavicencio,Doble troque,137,7.8,962000,19.1,5.5,Entregado
CG-1502,2026-06-24,Wilson Ortiz,  BOGOTA ,Barranquilla,Tractomula,1000,34.3,6817000,179.4,28.4,En ruta
CG-1343,2026-08-11,Hector Vargas,Cali,medellin,Turbo,423,2.5,1165000,49,13.1,Cancelado
CG-1166,2026-01-13,Andres Gomez,Cali,Buenaventura,Turbo,133,2.3,377000,15.3,4.6,En ruta
CG-1160,13/01/2026,Jorge Muñoz,Cartagena,Bogota,Turbo,1039,3.6,2379000,123.3,22.8,Entregado
CG-1279,2026-02-14,Andres Gomez,  CALI ,Medellin,Sencillo,409,6.7,1302000,53.6,8.9,Entregado
CG-1520,2026-08-23,Carlos Pena,Medellin,Cartagena,Doble troque,645,,3018000,77.6,16.2,Cancelado
CG-1232,16/01/2026,HECTOR VARGAS,Barranquilla,Santa Marta,Turbo,93,2.9,$ 82.000,11.9,3.4,Entregado
CG-1075,2026-05-19,Julian Castro,Bogota,Bucaramanga,Doble troque,417,11.1,$ 2.085.000,54.2,9.7,Cancelado
CG-1073,18/07/2026,Julian Castro,Medellin,Bogota,Tractomula,387,22.3,,70.1,11.1,Cancelado
CG-1357,2026-06-12,LUIS RAMIREZ,Medellin,Cartagena,Turbo,605,3.1,1279000,67.6,15.4,Entregado
CG-1438,16-01-2026,Julian Castro,Bogota,Medellin,Doble troque,402,12.1,2189000,60.3,11.5,Entregado
CG-1053,2026-08-30,Hector Vargas,Cali,medellin,Turbo,411,2.8,999000,50.6,9.8,Entregado
CG-1272,2026-05-07,Mauricio Leon,Medellin,Cartagena,Tractomula,723,22,4797000,131.6,15.5,Entregado
CG-1099,2026-08-26,FABIAN ROJAS,Cartagena,Bogota,Turbo,1136,3.6,$ 2.502.000,121.5,25.7,Cancelado
CG-1372,02-03-2026,Jorge Muñoz,Barranquilla,Santa Marta,Tractomula,106,30.7,1874000,20.1,3.1,Entregado
CG-1143,02/09/2026,Hector Vargas,Barranquilla,Santa Marta,Turbo,99,2.7,480000,11.3,3.9,En ruta
CG-1366,09/09/2026,Luis Ramirez,Cartagena,Bogota,Tractomula,1160,14.6,6928000,187.9,27.4,Cancelado
CG-1449,17/07/2026,Diego Salazar,Bogota,Medellin,Doble troque,431,16.9,2451000,54.7,11.4,En ruta
CG-1262,2026-05-12,Wilson Ortiz,Cali,Medellin,Turbo,427,2.6,1109000,50.4,10.2,En ruta
CG-1130,09/04/2026,Fabian Rojas,  BOGOTA ,bucaramanga,Tractomula,437,25.4,3390000,92.5,10,Entregado
CG-1101,2026-06-27,Luis Ramirez,Bogota,Cali,Sencillo,490,7.7,,56.3,12.4,Entregado
CG-1218,2026-07-11,Luis Ramirez,Medellin,Cartagena,Sencillo,656,5.5,2263000,86.6,17.1,Entregado
CG-1061,2026-05-07,FABIAN ROJAS,Bogota,Bucaramanga,Doble troque,397,11.9,$ 2.133.000,46.8,9.9,Entregado
CG-1209,2026-08-16,Luis Ramirez,Barranquilla,santa marta,Sencillo,92,6,,11.5,4.2,Cancelado
CG-1452,2026-05-18,Wilson Ortiz,  BOGOTA ,Barranquilla,Tractomula,888,24.8,5902000,177.7,22.3,Entregado
CG-1459,11/03/2026,Hector Vargas,Medellin,Cartagena,Turbo,704,1.7,1639000,86.4,18.2,Entregado
CG-1430,2026-07-07,WILSON ORTIZ,Bucaramanga,Cucuta,Tractomula,184,23.2,1805000,36.3,5.8,En ruta
CG-1391,07/08/2026,Mauricio Leon,Medellin,Bogota,Sencillo,387,6.7,1472000,48.1,9.8,Entregado
CG-1137,2026-04-07,Luis Ramirez,Medellin,Bogota,Tractomula,406,36.1,$ 3.514.000,73.4,12.3,En ruta
CG-1040,2026-01-21,Luis Ramirez,Bucaramanga,Cucuta,Turbo,184,3.9,665000,21.4,5.6,Entregado
CG-1284,2026-04-29,Fabian Rojas,Bogota,Bucaramanga,Turbo,412,3.9,1096000,45.4,10.8,Entregado
CG-1488,2026-06-01,Julian Castro,Cali,Medellin,Turbo,453,4.6,$ 1.170.000,54.8,11.6,Entregado
CG-1464,2026-02-14,Carlos Pena,  CALI ,Buenaventura,Sencillo,126,5.1,,15.9,4,En ruta
CG-1147,2026-09-04,Diego Salazar,Medellin,Cartagena,Tractomula,740,21.4,5094000,139.5,16.4,Entregado
CG-1228,11/07/2026,Mauricio Leon,Bucaramanga,Cucuta,Sencillo,186,7.6,852000,22,5.4,Entregado
CG-1350,2026-02-14,Hector Vargas,Bogota,Bucaramanga,Tractomula,370,27,$ 3.299.000,80.3,10.5,Entregado
CG-1514,2026-06-20,CARLOS PENA,  BOGOTA ,Villavicencio,Doble troque,113,13.4,944000,16.1,4,Entregado
CG-1365,2026-05-28,Julian Castro,Barranquilla,santa marta,Turbo,99,3.7,$ 466.000,10.6,4.9,Entregado
CG-1017,2026-06-11,Carlos Pena,Bogota,Villavicencio,Sencillo,131,10.4,644000,15.8,4.1,En ruta
CG-1082,2026-01-23,Mauricio Leon,Cartagena,Bogota,Tractomula,1081,33.2,7303000,228.1,26.7,En ruta
CG-1288,05-03-2026,Andres Gomez,Bucaramanga,Cucuta,Tractomula,203,18.5,1752000,30.8,6.4,Entregado
CG-1179,2026-08-19,Wilson Ortiz,Cali,Medellin,Tractomula,413,26,$ 3.313.000,102.3,11.4,Entregado
CG-1094,2026-03-09,Jorge Muñoz,Barranquilla,santa marta,Sencillo,102,7,590000,13.6,4.2,Cancelado
CG-1297,2026-03-18,Andres Gomez,Cali,Buenaventura,Doble troque,107,8.5,843000,16.3,3.5,Entregado
CG-1109,2026-02-06,HECTOR VARGAS,Cali,Medellin,Tractomula,394,31.2,$ 3.454.000,72.8,9.6,En ruta
CG-1338,2026-03-12,Luis Ramirez,  BARRANQUILLA ,Santa Marta,Sencillo,93,7,633000,12.2,5.3,Entregado
CG-1489,2026-06-17,Diego Salazar,Medellin,Cartagena,Sencillo,620,6.1,2105000,78.2,15.1,Entregado
CG-1071,18-08-2026,Hector Vargas,Cali,Buenaventura,Turbo,132,,293000,13.4,4.8,Cancelado
CG-1487,2026-04-23,Andres Gomez,Medellin,Bogota,Doble troque,463,13.7,2595000,63.9,11.2,En ruta
CG-1353,21-02-2026,Julian Castro,Cartagena,Bogota,Sencillo,993,6.3,3135000,128.6,25.9,Entregado
CG-1369,2026-01-16,Mauricio Leon,Cali,Medellin,Tractomula,470,21,3752000,82,10.4,Entregado
CG-1278,2026-02-22,Carlos Pena,Bogota,Medellin,Doble troque,432,12.4,$ 2.284.000,57.8,11.2,Cancelado
CG-1336,2026-06-24,Andres Gomez,Barranquilla,santa marta,Sencillo,102,6.5,530000,12.9,3.4,Entregado
CG-1156,2026-01-09,Mauricio Leon,  BOGOTA ,Bucaramanga,Doble troque,397,12.3,2020000,56.4,10,Entregado
CG-1354,09/05/2026,ANDRES GOMEZ,Medellin,bogota,Tractomula,431,23.8,3233000,92.8,,Entregado
CG-1332,2026-02-03,Carlos Pena,  MEDELLIN ,cartagena,Tractomula,617,22.7,4174000,120.9,13.5,En ruta
CG-1289,2026-05-30,Wilson Ortiz,Bogota,Barranquilla,Doble troque,976,14.1,,146.6,23.4,Cancelado
CG-1397,2026-03-24,Luis Ramirez,Bogota,Bucaramanga,Sencillo,345,8,1336000,38.9,10,Entregado
CG-1481,2026-07-29,Mauricio Leon,Bogota,Bucaramanga,Turbo,376,3.1,717000,45.3,9.5,Cancelado
CG-1359,13/02/2026,Fabian Rojas,  BARRANQUILLA ,santa marta,Tractomula,95,25.8,1483000,20.2,3.4,Entregado
CG-1513,2026-04-19,Wilson Ortiz,Cartagena,Bogota,Tractomula,982,27.9,6458000,162.2,24.2,Entregado
CG-1175,2026-07-13,Julian Castro,  CALI ,Medellin,Turbo,431,3.5,1230000,50,11.6,Entregado
CG-1172,2026-03-09,CARLOS PENA,Bogota,Villavicencio,Tractomula,136,17.8,1722000,28,5.3,Entregado
CG-1191,2026-05-20,Jorge Muñoz,Bogota,Bucaramanga,Sencillo,392,5.1,1400000,48.5,9.2,En ruta
CG-1363,2026-04-14,HECTOR VARGAS,Cartagena,Bogota,Sencillo,972,5.6,2951000,129.3,25.2,Entregado
CG-1482,2026-03-18,Julian Castro,Bogota,Bucaramanga,Doble troque,395,11.8,2026000,47.9,8.9,Cancelado
CG-1470,29-04-2026,DIEGO SALAZAR,Bucaramanga,Cucuta,Turbo,186,3.7,$ 707.000,20,6.3,Entregado
CG-1246,2026-08-19,Julian Castro,Bogota,Cali,Turbo,403,5,977000,46.9,11.3,En ruta
CG-1033,08-04-2026,JORGE MUÑOZ,Bogota,Barranquilla,Doble troque,986,13.2,4357000,131.1,23.1,Cancelado
CG-1068,02-08-2026,FABIAN ROJAS,  CARTAGENA ,Bogota,Turbo,982,4.3,2389000,117.4,20.2,Cancelado
CG-1420,13/02/2026,Hector Vargas,Medellin,Cartagena,Turbo,616,2.9,$ 1.498.000,74,16,En ruta
CG-1322,2026-05-20,Jorge Muñoz,Bogota,Bucaramanga,Turbo,399,3.5,959000,43.1,9.5,Entregado
CG-1348,14-06-2026,Julian Castro,Cali,medellin,Sencillo,435,7.3,1570000,47.1,12.8,Entregado
CG-1377,2026-07-04,Wilson Ortiz,Bogota,Bucaramanga,Turbo,-428,3.3,1158000,47.4,10.6,Entregado
CG-1151,2026-01-29,Carlos Pena,  BOGOTA ,Medellin,Turbo,445,2.6,$ 1.168.000,54.1,11.4,En ruta
CG-1095,26-07-2026,Fabian Rojas,Bogota,Barranquilla,Turbo,982,2.6,2231000,118.3,23.4,Entregado
CG-1335,19/07/2026,LUIS RAMIREZ,  CALI ,Buenaventura,Tractomula,119,20.4,$ 1.528.000,23.7,4.8,Entregado
CG-1305,09-01-2026,Wilson Ortiz,Bogota,Cali,Tractomula,493,22.5,3524000,102.8,11,En ruta
CG-1214,25/05/2026,JULIAN CASTRO,Cartagena,bogota,Sencillo,1035,5.6,$ 3.171.000,128.4,24,Entregado
CG-1314,2026-02-17,Diego Salazar,  BOGOTA ,Bucaramanga,Doble troque,378,14.6,2104000,55.8,9.5,Cancelado
CG-1406,2026-05-07,Fabian Rojas,  CARTAGENA ,Bogota,Doble troque,1042,15.5,$ 4.846.000,140.2,24,Cancelado
CG-1398,2026-08-08,Andres Gomez,Bogota,Cali,Turbo,485,2.9,1168000,51.1,13.1,Entregado
CG-1229,2026-07-25,FABIAN ROJAS,  MEDELLIN ,Bogota,Turbo,412,3.1,1050000,47.1,9.4,En ruta
CG-1395,2026-05-09,Julian Castro,Bogota,Villavicencio,Turbo,104,3.6,347000,12.1,3.3,Entregado
CG-1177,2026-08-18,Carlos Pena,Cartagena,Bogota,Turbo,963,3.2,2062000,110.4,22.2,Entregado
CG-1306,2026-06-11,ANDRES GOMEZ,Bogota,Villavicencio,Sencillo,120,7.1,827000,15.1,3.4,Entregado
CG-1467,2026-04-30,Mauricio Leon,  BOGOTA ,Villavicencio,Turbo,129,3.5,425000,14.5,4.5,En ruta
CG-1342,2026-09-05,Mauricio Leon,Cali,Medellin,Turbo,420,4.2,1120000,49.4,9.1,Entregado
CG-1335,19/07/2026,LUIS RAMIREZ,  CALI ,Buenaventura,Tractomula,119,20.4,$ 1.528.000,23.7,4.8,Entregado
CG-1105,21/06/2026,JULIAN CASTRO,Cali,medellin,Sencillo,463,7.2,1727000,57.9,10.7,Entregado
CG-1328,2026-01-23,Wilson Ortiz,  CARTAGENA ,Bogota,Doble troque,1111,8.6,4592000,159.9,22.6,Entregado
CG-1015,2026-03-31,Luis Ramirez,Bogota,Medellin,Sencillo,454,6.1,$ 1.464.000,61,10.3,Entregado
CG-1222,2026-05-05,Julian Castro,Bucaramanga,Cucuta,Turbo,197,2.7,720000,21.3,6.9,Entregado
CG-1242,11/08/2026,Andres Gomez,Bogota,Bucaramanga,Turbo,410,3.9,$ 997.000,44.4,11.8,Cancelado
CG-1036,2026-08-01,Fabian Rojas,Bogota,medellin,Tractomula,393,17.5,2719000,77.8,11.2,En ruta
CG-1491,03-09-2026,WILSON ORTIZ,  BOGOTA ,Bucaramanga,Turbo,389,3.7,880000,43.6,10.1,Entregado
CG-1126,19-08-2026,Carlos Pena,Bogota,Cali,Sencillo,426,8.1,$ 1.723.000,54.9,12.8,Entregado
CG-1053,2026-08-30,Hector Vargas,Cali,medellin,Turbo,411,2.8,999000,50.6,9.8,Entregado
CG-1324,2026-03-25,Wilson Ortiz,Cali,Buenaventura,Sencillo,113,6.8,645000,13.9,4.2,Cancelado
CG-1154,2026-03-06,WILSON ORTIZ,Bucaramanga,Cucuta,Doble troque,159,17.9,1470000,23.7,5.4,Entregado
CG-1217,2026-02-02,Mauricio Leon,  CARTAGENA ,Bogota,Tractomula,1054,31.5,$ 7.085.000,214.1,25.2,Cancelado
CG-1409,01/04/2026,Mauricio Leon,Bogota,Villavicencio,Turbo,144,4.2,535000,16.3,4,Entregado
CG-1174,28/07/2026,Wilson Ortiz,Bogota,Villavicencio,Turbo,135,,340000,15.2,4.6,Entregado
CG-1021,2026-04-27,Wilson Ortiz,Barranquilla,Santa Marta,Doble troque,97,13.2,$ 984.000,11.2,4,Entregado
CG-1230,2026-06-17,DIEGO SALAZAR,Cartagena,Bogota,Turbo,1128,4,2678000,140.3,30,En ruta
CG-1419,27-08-2026,Hector Vargas,Bogota,Villavicencio,Turbo,124,4.2,449000,13.4,3.7,Entregado
CG-1414,18/01/2026,Jorge Muñoz,Medellin,cartagena,Sencillo,667,,2196000,80,16.8,En ruta
CG-1081,2026-09-05,Luis Ramirez,Bogota,medellin,Turbo,459,3.1,1169000,56.8,11,Entregado
CG-1221,2026-06-19,Mauricio Leon,Medellin,Bogota,Sencillo,414,6.7,,50.7,13.5,Cancelado
CG-1074,2026-05-21,Andres Gomez,  BARRANQUILLA ,Santa Marta,Doble troque,91,10.6,790000,12.1,3,Entregado
CG-1417,30-04-2026,Luis Ramirez,Bogota,barranquilla,Doble troque,981,8.9,4166000,140,25.2,Cancelado
CG-1474,18/05/2026,MAURICIO LEON,Bogota,Medellin,Turbo,413,3.6,$ 1.089.000,47.2,11.7,Entregado
CG-1492,2026-02-04,Julian Castro,Cali,Buenaventura,Tractomula,120,17.2,1186000,22.8,5.3,En ruta
CG-1212,2026-04-05,Mauricio Leon,  BOGOTA ,Medellin,Sencillo,460,5.9,1569000,52.3,,Cancelado
CG-1486,2026-08-06,DIEGO SALAZAR,Medellin,Cartagena,Turbo,617,4.3,,65.8,16.1,Cancelado
CG-1078,2026-06-17,Andres Gomez,Bogota,Villavicencio,Doble troque,115,13.9,,16.3,3.5,Cancelado
CG-1478,12/06/2026,Wilson Ortiz,  BOGOTA ,Medellin,Turbo,449,3.3,1110000,53.8,12,Entregado
CG-1411,2026-05-09,ANDRES GOMEZ,Cartagena,Bogota,Tractomula,1031,26,6562000,186.4,23,Entregado
CG-1211,2026-06-27,Wilson Ortiz,  CALI ,Buenaventura,Tractomula,123,30.5,1796000,20.7,3.7,Entregado
CG-1313,2026-05-10,WILSON ORTIZ,Bucaramanga,Cucuta,Turbo,218,3.4,619000,27.8,5.8,Cancelado
CG-1394,2026-09-04,Wilson Ortiz,Medellin,Cartagena,Sencillo,615,8.9,2097000,72,15.3,Entregado
CG-1195,2026-04-12,Luis Ramirez,Bogota,Bucaramanga,Sencillo,426,8.9,$ 1.582.000,51.5,10.6,Entregado
CG-1515,08/08/2026,Wilson Ortiz,Bucaramanga,Cucuta,Turbo,195,4.4,,20,5,Entregado
CG-1128,29/01/2026,Fabian Rojas,  MEDELLIN ,Cartagena,Doble troque,607,8.8,2693000,86.9,14,En ruta
CG-1003,07-03-2026,Wilson Ortiz,Barranquilla,Santa Marta,Tractomula,85,15.6,1251000,15.2,3.5,Entregado
CG-1224,2026-02-17,Carlos Pena,Bucaramanga,Cucuta,Sencillo,212,9,911000,26.2,6.2,Entregado
CG-1416,2026-05-24,Carlos Pena,Bogota,Bucaramanga,Sencillo,404,5.7,$ 1.416.000,43.4,12.2,Entregado
CG-1490,2026-04-18,Andres Gomez,Barranquilla,Santa Marta,Doble troque,92,13.2,930000,11.5,2.4,Entregado
CG-1408,2026-02-16,Julian Castro,Bucaramanga,Cucuta,Turbo,188,3.2,451000,21.8,5.7,Entregado
CG-1375,2026-09-01,Luis Ramirez,  BOGOTA ,Medellin,Sencillo,437,5.7,$ 1.537.000,53.8,11,Entregado
CG-1072,24-05-2026,Luis Ramirez,Bogota,Barranquilla,Sencillo,984,8.9,3180000,118.4,22.5,Entregado
CG-1439,2026-08-03,Andres Gomez,  BOGOTA ,cali,Doble troque,464,,2518000,64.8,10.1,En ruta
CG-1144,2026-03-04,Carlos Pena,  CALI ,Buenaventura,Sencillo,119,5.4,426000,13.6,3.1,En ruta
CG-1424,25/07/2026,WILSON ORTIZ,Barranquilla,Santa Marta,Tractomula,94,29,1775000,16.8,2.8,Cancelado
CG-1065,2026-03-08,Julian Castro,Medellin,Bogota,Tractomula,393,19.3,$ 2.954.000,60.3,11.7,Entregado
CG-1201,2026-01-24,MAURICIO LEON,Bucaramanga,Cucuta,Turbo,210,3.1,597000,23.2,6.3,Entregado
CG-1267,2026-07-18,Julian Castro,Cali,Medellin,Doble troque,417,15.7,2322000,57.7,10.2,Entregado
CG-1091,2026-05-21,JULIAN CASTRO,  BOGOTA ,Barranquilla,Sencillo,1004,8,3370000,132.7,21.6,En ruta
CG-1404,2026-01-17,Wilson Ortiz,Medellin,cartagena,Turbo,524,3.8,1277000,59.3,12.4,Entregado
CG-1098,2026-07-01,Mauricio Leon,Medellin,Bogota,Tractomula,414,27.1,$ 3.347.000,65.1,11.7,Entregado
CG-1088,10/09/2026,WILSON ORTIZ,Cali,Buenaventura,Tractomula,119,20.4,1628000,20.8,4.1,Entregado
CG-1265,2026-03-05,Julian Castro,Cartagena,bogota,Tractomula,1061,16.7,$ 6.578.000,201,22.2,Entregado
CG-1170,2026-09-05,Julian Castro,Bogota,Bucaramanga,Turbo,409,4.6,925000,49.6,11.3,En ruta
CG-1085,22-05-2026,Andres Gomez,  CALI ,Medellin,Turbo,405,4.4,1128000,48,9,En ruta
CG-1029,24-03-2026,Luis Ramirez,  MEDELLIN ,Bogota,Doble troque,412,14.2,$ 2.137.000,50.1,9.5,Entregado
CG-1413,2026-05-24,Hector Vargas,Bogota,Villavicencio,Sencillo,146,8.9,912000,16.7,4.9,Entregado
CG-1129,2026-08-13,HECTOR VARGAS,  BOGOTA ,Medellin,Sencillo,437,6.5,1464000,55.1,10.6,En ruta
CG-1330,2026-06-08,LUIS RAMIREZ,  BOGOTA ,Bucaramanga,Sencillo,413,7.3,$ 1.534.000,45.1,10,Entregado
CG-1131,2026-06-14,Mauricio Leon,Cartagena,Bogota,Turbo,-1089,2.9,2306000,114.6,24.6,Entregado
CG-1227,2026-05-28,Mauricio Leon,Bogota,Cali,Sencillo,465,6.9,1786000,58.4,13.8,Entregado
CG-1216,2026-06-20,Carlos Pena,Cartagena,Bogota,Sencillo,1112,8.2,$ 3.681.000,129.9,26.2,Entregado
CG-1445,09/08/2026,HECTOR VARGAS,Bogota,Bucaramanga,Doble troque,409,12.7,$ 2.100.000,54.9,,Entregado
CG-1022,2026-06-28,CARLOS PENA,Cali,Buenaventura,Sencillo,114,6.3,,14.5,4.4,Entregado
CG-1275,2026-05-07,Wilson Ortiz,Bucaramanga,cucuta,Turbo,179,3.7,567000,20,4.7,En ruta
CG-1198,2026-08-01,Hector Vargas,Bucaramanga,Cucuta,Turbo,219,3.1,481000,26.5,6.5,Entregado
CG-1185,31/05/2026,Luis Ramirez,  BARRANQUILLA ,Santa Marta,Tractomula,98,24.2,$ 1.478.000,18.9,3.8,Entregado
CG-1432,2026-09-09,CARLOS PENA,Bogota,Barranquilla,Turbo,1041,4,2358000,119,23.8,En ruta
CG-1186,2026-05-26,Jorge Muñoz,Bucaramanga,Cucuta,Doble troque,195,17.1,1212000,24.2,,Entregado
CG-1208,2026-08-15,Carlos Pena,Bucaramanga,Cucuta,Turbo,194,3.4,741000,21.2,6.4,Entregado
CG-1282,2026-08-31,Luis Ramirez,Bogota,Villavicencio,Doble troque,118,12.1,847000,16.3,4.7,Entregado
CG-1070,2026-01-23,Andres Gomez,Bogota,Villavicencio,Tractomula,130,29.7,,24.5,4.4,Cancelado
CG-1261,2026-01-06,Andres Gomez,Cali,buenaventura,Sencillo,121,7.1,578000,14.7,,Cancelado
CG-1437,2026-04-14,Carlos Pena,Bogota,Medellin,Doble troque,436,10.2,$ 1.850.000,63.8,11.1,Entregado
CG-1171,15/05/2026,CARLOS PENA,Bogota,Barranquilla,Tractomula,948,25.4,6260000,178.5,23.6,En ruta
CG-1035,2026-06-19,Diego Salazar,Barranquilla,Santa Marta,Sencillo,94,9.6,834000,11.7,3,Cancelado
CG-1280,20/03/2026,Andres Gomez,Medellin,Bogota,Turbo,401,4.7,976000,45,9.5,Entregado
CG-1333,24/02/2026,JORGE MUÑOZ,Cali,Buenaventura,Tractomula,118,23.1,1584000,22,4.7,Entregado
CG-1401,2026-01-15,Mauricio Leon,  BOGOTA ,Bucaramanga,Doble troque,395,11.7,1910000,51.6,10.8,Entregado
CG-1266,2026-07-07,Wilson Ortiz,Bogota,Barranquilla,Tractomula,921,23.3,5940000,193.8,22,Entregado
CG-1427,2026-01-10,Julian Castro,Cali,Medellin,Tractomula,403,25.1,$ 3.189.000,80.3,11.2,En ruta
CG-1319,2026-09-04,Fabian Rojas,Bogota,Bucaramanga,Turbo,382,4,1226000,44.2,9.9,Cancelado
CG-1281,2026-03-05,Mauricio Leon,Bogota,Medellin,Doble troque,398,16.5,$ 2.493.000,59.6,9.2,En ruta
CG-1423,2026-08-12,Hector Vargas,Medellin,Cartagena,Tractomula,643,14.6,4066000,143.7,14.5,Entregado
CG-1187,07-06-2026,Jorge Muñoz,Cali,Buenaventura,Tractomula,123,29.2,$ 1.847.000,20.8,4.4,Cancelado
CG-1326,2026-05-21,Fabian Rojas,Medellin,Bogota,Doble troque,404,15.8,2019000,56.5,10.4,Entregado
CG-1150,2026-02-13,CARLOS PENA,  MEDELLIN ,Bogota,Turbo,405,2.7,897000,46.4,10.2,Cancelado
CG-1436,01-08-2026,Julian Castro,Bogota,Cali,Tractomula,478,31.3,3868000,89.1,12.9,Entregado
CG-1426,2026-01-13,Mauricio Leon,Cali,Medellin,Sencillo,415,6.6,1562000,52,10.6,En ruta
CG-1387,2026-03-12,DIEGO SALAZAR,Medellin,Bogota,Turbo,432,,1128000,47.5,11.9,Entregado
CG-1233,2026-08-22,Hector Vargas,  CARTAGENA ,Bogota,Doble troque,1050,7.6,4269000,148.2,24.5,Entregado
CG-1376,2026-09-01,Carlos Pena,Bogota,Medellin,Turbo,404,3.4,910000,48.8,10.4,Entregado
CG-1005,06-05-2026,Mauricio Leon,Cali,Medellin,Tractomula,388,35.1,,72.2,10.3,En ruta
CG-1213,2026-02-27,Julian Castro,  CALI ,Buenaventura,Turbo,115,3.1,,13.6,4.1,Entregado
CG-1223,2026-01-13,Julian Castro,Bogota,Villavicencio,Tractomula,125,25.5,1801000,23,4.9,Cancelado
CG-1451,2026-05-12,Wilson Ortiz,Bogota,Bucaramanga,Turbo,376,3.7,961000,44.7,9.8,Entregado
CG-1517,22/02/2026,Hector Vargas,Bogota,Medellin,Doble troque,434,15.2,2431000,64.3,10.5,Entregado
CG-1454,2026-03-21,Andres Gomez,Bogota,Bucaramanga,Doble troque,401,16.6,2402000,54.3,9.8,Entregado
CG-1079,02/07/2026,Wilson Ortiz,  MEDELLIN ,Bogota,Sencillo,408,5.5,1487000,47.4,9.1,En ruta
CG-1497,2026-05-21,Carlos Pena,Cali,Medellin,Sencillo,432,6.1,,51.4,10,Entregado
CG-1206,2026-01-17,Jorge Muñoz,Bogota,Medellin,Doble troque,-443,10.7,2187000,62.3,9.4,Entregado
CG-1118,2026-07-12,Mauricio Leon,Cartagena,Bogota,Doble troque,1008,11.1,4383000,147.9,26.4,Entregado
CG-1067,2026-01-22,Diego Salazar,Bogota,Medellin,Turbo,399,2.5,884000,44.2,9.3,Entregado
CG-1184,2026-05-16,Diego Salazar,Bogota,Cali,Doble troque,410,,2022000,50.3,10.1,Entregado
CG-1447,04/06/2026,LUIS RAMIREZ,Cali,Buenaventura,Sencillo,114,7.3,418000,14.3,4.5,En ruta
CG-1468,2026-06-12,Carlos Pena,Bucaramanga,Cucuta,Sencillo,192,7.2,,26.2,5.5,Entregado
CG-1252,03/04/2026,Wilson Ortiz,Bogota,Medellin,Turbo,422,3.6,$ 952.000,48.5,10.3,Entregado
CG-1380,2026-01-19,DIEGO SALAZAR,  MEDELLIN ,Cartagena,Tractomula,630,30.9,4710000,109.8,15.4,Entregado
CG-1462,2026-01-28,Wilson Ortiz,  BARRANQUILLA ,Santa Marta,Turbo,107,4.4,$ 384.000,13.3,4,Entregado
CG-1498,04/06/2026,Fabian Rojas,Bogota,Medellin,Turbo,436,4.5,1230000,53.3,12.5,Entregado
CG-1321,2026-03-11,Wilson Ortiz,  MEDELLIN ,Cartagena,Turbo,593,3,1361000,71.1,15.2,Entregado
CG-1031,2026-06-17,Julian Castro,Bogota,cali,Tractomula,486,19.3,3301000,90.8,13,Entregado
CG-1431,2026-07-21,Diego Salazar,Bogota,Barranquilla,Tractomula,-1020,34,7054000,181.9,23.7,Entregado
CG-1506,2026-04-26,Jorge Muñoz,  BARRANQUILLA ,santa marta,Sencillo,99,8.1,627000,12.7,3.9,Entregado
CG-1271,2026-03-11,Andres Gomez,Bogota,Barranquilla,Doble troque,945,15.4,4198000,124.3,24.8,En ruta
CG-1235,2026-09-04,Carlos Pena,Cali,Medellin,Doble troque,463,10,$ 2.345.000,66.6,12.3,Entregado
CG-1210,2026-05-06,Fabian Rojas,Bogota,Medellin,Tractomula,376,24.7,3001000,57.8,,Cancelado
CG-1182,29-07-2026,Luis Ramirez,Medellin,cartagena,Sencillo,701,7.5,2403000,86.1,17.7,Entregado
CG-1371,2026-01-09,Carlos Pena,Cali,Medellin,Tractomula,388,21.3,2981000,83.1,10.6,En ruta
CG-1433,2026-06-04,Andres Gomez,  MEDELLIN ,Bogota,Sencillo,418,4.4,,51.1,11.5,Entregado
CG-1373,2026-01-09,Luis Ramirez,Cartagena,bogota,Tractomula,1171,14.2,6931000,222.5,25.4,En ruta
CG-1187,07-06-2026,Jorge Muñoz,Cali,Buenaventura,Tractomula,123,29.2,$ 1.847.000,20.8,4.4,Cancelado
CG-1146,2026-03-16,Wilson Ortiz,  BOGOTA ,Bucaramanga,Tractomula,382,26.3,,89.5,10.2,Entregado
CG-1472,2026-01-19,Hector Vargas,Barranquilla,Santa Marta,Doble troque,105,14.7,921000,14.7,3.7,Entregado
CG-1140,19/06/2026,Jorge Muñoz,Bogota,Barranquilla,Doble troque,-1004,16,4397000,142.4,25.7,Cancelado
CG-1285,21/05/2026,Wilson Ortiz,Bogota,Medellin,Turbo,395,3.1,714000,42.8,11.3,Cancelado
CG-1220,2026-07-26,Hector Vargas,Medellin,Bogota,Doble troque,401,,2269000,55.8,13.7,Entregado
CG-1086,2026-02-09,JULIAN CASTRO,Bogota,Cali,Tractomula,439,28.4,3489000,80.1,12.5,Entregado
CG-1012,2026-09-12,Jorge Muñoz,  CALI ,Buenaventura,Tractomula,117,19.9,$ 1.471.000,21.2,4.1,Cancelado
CG-1169,2026-01-19,Hector Vargas,Bogota,Medellin,Sencillo,417,8.8,1532000,50.5,10.6,Entregado
CG-1007,2026-04-24,Luis Ramirez,Bucaramanga,Cucuta,Sencillo,197,4.2,877000,24.1,6.8,Entregado
CG-1251,2026-03-06,Carlos Pena,Bogota,Barranquilla,Sencillo,1113,5.2,3744000,140.6,23.5,En ruta
CG-1132,2026-08-07,Luis Ramirez,Cali,Medellin,Doble troque,434,17,$ 2.366.000,58.2,11.2,Entregado
CG-1155,2026-05-17,Carlos Pena,Barranquilla,Santa Marta,Sencillo,101,4.4,$ 493.000,12,3.6,Cancelado
CG-1077,02/02/2026,Andres Gomez,  CARTAGENA ,Bogota,Turbo,1073,3.2,$ 2.213.000,121.8,26.9,Entregado
CG-1028,2026-05-31,FABIAN ROJAS,Cartagena,Bogota,Tractomula,1039,21.9,6577000,222.1,23.8,Entregado
CG-1203,2026-03-22,Andres Gomez,Medellin,Cartagena,Tractomula,658,25.5,4317000,122.8,15.9,Cancelado
CG-1341,20/02/2026,Diego Salazar,  BOGOTA ,bucaramanga,Turbo,376,4.2,801000,43.7,9.1,Entregado
CG-1163,03/07/2026,Julian Castro,Bogota,Medellin,Tractomula,388,20.6,2853000,80.6,11.1,Cancelado
CG-1026,08/07/2026,Julian Castro,Bogota,Medellin,Tractomula,388,28.9,3328000,81,10.2,En ruta
CG-1076,2026-06-13,Julian Castro,Cali,buenaventura,Turbo,131,2,421000,16.3,5.8,Entregado
CG-1501,2026-07-02,Mauricio Leon,Bogota,cali,Tractomula,452,15.6,3106000,89.1,11.3,Entregado
CG-1362,2026-06-24,Hector Vargas,Bogota,Villavicencio,Sencillo,127,5.4,650000,17,4,Entregado
CG-1002,07/06/2026,DIEGO SALAZAR,Bogota,Villavicencio,Sencillo,-124,5.3,601000,15.1,4.3,Entregado
CG-1495,28/02/2026,Fabian Rojas,Cali,Medellin,Tractomula,424,25.8,3330000,65.1,11.3,Entregado
CG-1317,2026-01-19,Mauricio Leon,Medellin,Bogota,Doble troque,401,13.4,2251000,46.2,10.4,Entregado
CG-1511,17/08/2026,WILSON ORTIZ,Bogota,medellin,Doble troque,399,11.9,2048000,57.5,10.7,Entregado
CG-1145,2026-04-10,Diego Salazar,Bucaramanga,cucuta,Tractomula,178,31.2,2346000,44.1,4.7,Entregado
CG-1323,03/08/2026,Fabian Rojas,  BOGOTA ,Bucaramanga,Doble troque,376,17.2,$ 2.012.000,54.9,,Entregado
CG-1014,2026-01-30,Andres Gomez,Bogota,Medellin,Turbo,420,2.4,701000,45.1,10.9,En ruta
CG-1389,2026-04-15,DIEGO SALAZAR,  MEDELLIN ,bogota,Sencillo,436,7.4,1670000,50.4,9.9,Entregado
CG-1183,2026-08-26,Julian Castro,Bogota,Barranquilla,Turbo,1008,3.7,$ 2.164.000,128.5,21.4,Cancelado
CG-1265,2026-03-05,Julian Castro,Cartagena,bogota,Tractomula,1061,16.7,$ 6.578.000,201,22.2,Entregado
CG-1293,2026-03-05,Julian Castro,Bogota,Medellin,Sencillo,359,6.5,1323000,47.2,10.5,Entregado
CG-1115,2026-04-03,Diego Salazar,Medellin,Bogota,Sencillo,393,5.7,1539000,51.7,9.8,Entregado
CG-1315,01/02/2026,Wilson Ortiz,Medellin,Bogota,Doble troque,415,12.9,2102000,57.2,9.5,En ruta
CG-1257,23/07/2026,Jorge Muñoz,Bogota,Cali,Turbo,449,2.4,$ 932.000,56.8,12.6,Cancelado
CG-1178,2026-03-12,Diego Salazar,Bogota,Barranquilla,Turbo,1121,3.5,2467000,135.5,27.2,Entregado
CG-1106,2026-08-07,Julian Castro,Barranquilla,Santa Marta,Turbo,103,4.4,553000,11.9,3.4,Entregado
CG-1378,2026-06-04,WILSON ORTIZ,Bogota,Barranquilla,Sencillo,959,6.6,3062000,117,21.6,En ruta
CG-1429,2026-07-27,Wilson Ortiz,  CALI ,buenaventura,Tractomula,118,25.3,1781000,21.3,3.6,Entregado
CG-1241,2026-05-27,Jorge Muñoz,Cali,buenaventura,Turbo,108,2.9,65000,12.4,4.2,Entregado
CG-1364,10-09-2026,Luis Ramirez,Cali,medellin,Tractomula,362,17.7,$ 2.528.000,66.1,9.7,En ruta
CG-1303,28/06/2026,Carlos Pena,Bucaramanga,Cucuta,Tractomula,182,22.5,1849000,30.9,5.3,Entregado
CG-1388,2026-01-18,Carlos Pena,Barranquilla,santa marta,Doble troque,93,6.3,410000,12.8,,Cancelado
CG-1013,2026-01-26,Luis Ramirez,Bogota,Bucaramanga,Turbo,396,2.2,$ 988.000,41.8,9.9,Entregado
CG-1188,05/09/2026,Wilson Ortiz,Cartagena,Bogota,Doble troque,1002,14.2,4484000,148.3,25.8,Entregado
CG-1384,01/09/2026,Andres Gomez,Cartagena,Bogota,Sencillo,1162,7.1,3800000,143.5,33.5,Entregado
CG-1443,2026-05-26,Wilson Ortiz,Cali,buenaventura,Turbo,120,2.9,404000,13.9,4.1,Entregado
CG-1403,2026-07-07,Mauricio Leon,Bogota,medellin,Tractomula,471,16.7,3335000,89.6,,Entregado
CG-1486,2026-08-06,DIEGO SALAZAR,Medellin,Cartagena,Turbo,617,4.3,,65.8,16.1,Cancelado
CG-1302,2026-06-19,Carlos Pena,Medellin,Bogota,Sencillo,392,8,,51,11.5,Entregado
CG-1142,2026-04-17,Jorge Muñoz,  BARRANQUILLA ,Santa Marta,Tractomula,99,28.2,$ 1.730.000,18.1,3,Entregado
CG-1188,05/09/2026,Wilson Ortiz,Cartagena,Bogota,Doble troque,1002,14.2,4484000,148.3,25.8,Entregado
CG-1461,2026-09-09,Fabian Rojas,Bucaramanga,Cucuta,Doble troque,207,9.6,1155000,28.8,6.7,Entregado
CG-1296,2026-07-08,Fabian Rojas,Cartagena,Bogota,Turbo,1124,3.2,2441000,123.4,29.1,Entregado
CG-1159,2026-04-23,Diego Salazar,Bogota,Cali,Doble troque,442,13.2,2294000,62.9,10.9,Entregado
CG-1435,19/03/2026,Wilson Ortiz,Bogota,Medellin,Turbo,425,4,989000,44.1,10.8,Entregado
CG-1177,2026-08-18,Carlos Pena,Cartagena,Bogota,Turbo,963,3.2,2062000,110.4,22.2,Entregado
CG-1382,2026-03-15,Mauricio Leon,Medellin,Bogota,Sencillo,398,7.1,1473000,45.2,9,En ruta
CG-1331,17/05/2026,Mauricio Leon,Bogota,Villavicencio,Doble troque,120,12.8,$ 974.000,15.6,3.3,Cancelado
CG-1291,02-09-2026,Fabian Rojas,Bogota,Cali,Doble troque,477,12,2333000,69.8,14.3,Entregado
CG-1037,19-08-2026,Fabian Rojas,Bogota,Villavicencio,Turbo,127,3.8,309000,15.9,4.7,Entregado
CG-1373,2026-01-09,Luis Ramirez,Cartagena,bogota,Tractomula,1171,14.2,6931000,222.5,25.4,En ruta
CG-1308,2026-03-01,Diego Salazar,Medellin,Bogota,Turbo,409,4.1,1085000,46.4,10.4,Entregado
CG-1247,2026-08-23,WILSON ORTIZ,Bogota,Bucaramanga,Turbo,423,2.5,1009000,48.2,9.9,Entregado
CG-1298,2026-02-11,HECTOR VARGAS,Bogota,Medellin,Tractomula,415,26.9,3421000,81.5,9.9,En ruta
CG-1044,2026-05-15,DIEGO SALAZAR,Cali,Medellin,Sencillo,401,6.6,1482000,48.2,11.6,Cancelado
CG-1339,2026-05-14,Fabian Rojas,Cartagena,Bogota,Sencillo,1047,6.5,$ 3.407.000,127.4,20.5,En ruta
CG-1499,2026-03-15,Andres Gomez,Bogota,Bucaramanga,Doble troque,386,11.2,$ 2.150.000,53.8,10.9,Entregado
CG-1038,2026-04-13,Luis Ramirez,  CARTAGENA ,Bogota,Sencillo,1078,7.7,3572000,149.4,25.8,En ruta
CG-1334,17-02-2026,Julian Castro,  CALI ,Buenaventura,Doble troque,110,12.5,770000,17.2,5.1,En ruta
CG-1168,27/06/2026,Fabian Rojas,  MEDELLIN ,Cartagena,Sencillo,536,7.1,1873000,67.8,14.6,Entregado
CG-1048,07/03/2026,Andres Gomez,Bogota,cali,Sencillo,448,6,1609000,58,10.8,Entregado
CG-1477,2026-04-11,Wilson Ortiz,  BOGOTA ,Barranquilla,Sencillo,969,6.1,$ 3.096.000,117.1,22.9,Entregado
CG-1457,2026-05-09,Hector Vargas,Bogota,Medellin,Tractomula,-408,29.3,$ 3.351.000,76.6,11.6,Cancelado
CG-1050,2026-04-10,HECTOR VARGAS,Bucaramanga,Cucuta,Doble troque,199,10.1,1320000,25.4,6.8,Entregado
CG-1138,2026-05-10,Luis Ramirez,Bogota,barranquilla,Tractomula,934,23.2,6088000,185.7,20.9,Entregado
CG-1097,2026-02-14,Fabian Rojas,Barranquilla,Santa Marta,Turbo,99,3.1,$ 374.000,10.4,4.5,Entregado
CG-1327,2026-04-21,Julian Castro,Cali,Buenaventura,Turbo,112,5,199000,12.3,3.5,Entregado
CG-1367,2026-08-12,LUIS RAMIREZ,Bogota,Cali,Sencillo,471,8.7,1950000,57.4,13,Entregado
CG-1496,26/06/2026,Carlos Pena,  BOGOTA ,Bucaramanga,Turbo,425,3.1,993000,47.9,10.7,Entregado
CG-1507,06-06-2026,JORGE MUÑOZ,Barranquilla,Santa Marta,Sencillo,97,6.6,$ 662.000,12.7,4.2,Entregado
CG-1368,2026-03-27,Mauricio Leon,  BOGOTA ,Barranquilla,Turbo,927,5,2091000,101.4,21.5,Cancelado
CG-1058,2026-02-05,Diego Salazar,Cartagena,Bogota,Sencillo,1037,7.7,3451000,123.9,21.8,En ruta
CG-1225,24-07-2026,Andres Gomez,Medellin,Cartagena,Sencillo,-657,5.1,$ 2.174.000,79.7,17.8,Entregado
CG-1018,2026-02-20,Mauricio Leon,Medellin,Cartagena,Sencillo,672,5.9,2342000,80.3,16.5,Entregado
CG-1124,2026-08-23,CARLOS PENA,Cali,Medellin,Sencillo,420,7.7,1516000,52.1,13.1,Entregado
CG-1056,2026-03-22,Wilson Ortiz,  BARRANQUILLA ,santa marta,Tractomula,96,32.1,1845000,17.4,3.8,Cancelado
CG-1300,2026-05-01,HECTOR VARGAS,Bogota,Bucaramanga,Turbo,393,5.2,$ 1.024.000,48.1,10.7,Entregado
CG-1485,2026-06-26,Mauricio Leon,Bogota,Cali,Turbo,411,3.9,,46.4,10.6,Entregado
CG-1460,2026-09-08,Andres Gomez,  CALI ,Medellin,Turbo,433,2.9,830000,52.6,12.7,Entregado
CG-1123,2026-05-20,Jorge Muñoz,Bogota,Medellin,Tractomula,415,29.9,3599000,78.1,12.1,Entregado
CG-1352,2026-05-29,Andres Gomez,  BARRANQUILLA ,Santa Marta,Turbo,101,2.8,,12,3.3,Entregado
CG-1360,09/05/2026,Carlos Pena,  MEDELLIN ,Cartagena,Turbo,596,4.3,1304000,67.6,14.7,Cancelado
CG-1045,2026-02-06,Diego Salazar,Bogota,Bucaramanga,Doble troque,405,13.2,$ 2.122.000,49.2,10.5,Entregado
CG-1240,2026-02-07,Julian Castro,  BOGOTA ,Cali,Turbo,-414,2.2,$ 1.036.000,49.4,11,Entregado
CG-1290,2026-08-31,FABIAN ROJAS,Bogota,Barranquilla,Doble troque,1027,9.8,4360000,132.5,23.9,Entregado
CG-1320,20-07-2026,LUIS RAMIREZ,Barranquilla,Santa Marta,Sencillo,92,4.6,498000,11,3.6,Entregado
CG-1107,11-02-2026,Mauricio Leon,  BUCARAMANGA ,Cucuta,Tractomula,173,17.8,1721000,32,5.9,En ruta
CG-1019,2026-01-23,Andres Gomez,Medellin,Cartagena,Doble troque,595,13.9,$ 2.921.000,88.4,13.3,Entregado
CG-1084,2026-03-01,HECTOR VARGAS,  BOGOTA ,Barranquilla,Sencillo,929,5.3,3035000,106.7,20,Entregado
CG-1379,26-02-2026,Luis Ramirez,Bogota,Cali,Sencillo,446,6.1,1650000,53.4,10.8,Entregado
CG-1337,2026-07-04,CARLOS PENA,Medellin,Bogota,Sencillo,423,6.2,1555000,51.2,10.9,En ruta
CG-1215,11/03/2026,Mauricio Leon,Medellin,bogota,Tractomula,451,22.6,3411000,84.5,9.3,Cancelado
CG-1217,2026-02-02,Mauricio Leon,  CARTAGENA ,Bogota,Tractomula,1054,31.5,$ 7.085.000,214.1,25.2,Cancelado
CG-1493,2026-04-01,Diego Salazar,Bucaramanga,cucuta,Tractomula,184,32,2259000,29.7,6.2,Entregado
CG-1462,2026-01-28,Wilson Ortiz,  BARRANQUILLA ,Santa Marta,Turbo,107,4.4,$ 384.000,13.3,4,Entregado
CG-1202,2026-04-11,Jorge Muñoz,Cali,Medellin,Sencillo,375,8.9,1682000,45.5,8.2,Entregado
CG-1270,2026-02-25,FABIAN ROJAS,  BOGOTA ,Cali,Sencillo,531,6.6,1840000,58.5,11.8,Entregado
CG-1162,2026-07-28,Fabian Rojas,Bogota,Bucaramanga,Turbo,365,3.3,$ 808.000,43,9.2,Entregado
CG-1199,2026-04-09,JULIAN CASTRO,Cartagena,Bogota,Doble troque,1113,9.3,$ 4.757.000,145,21.7,Entregado
CG-1298,2026-02-11,HECTOR VARGAS,Bogota,Medellin,Tractomula,415,26.9,3421000,81.5,9.9,En ruta
CG-1090,2026-06-04,Andres Gomez,Bucaramanga,Cucuta,Tractomula,192,21.1,$ 1.698.000,37,5.5,Cancelado
CG-1036,2026-08-01,Fabian Rojas,Bogota,medellin,Tractomula,393,17.5,2719000,77.8,11.2,En ruta
CG-1425,2026-02-26,Jorge Muñoz,  CALI ,Buenaventura,Sencillo,116,8.3,668000,15.1,4.3,Entregado
CG-1207,21-04-2026,Diego Salazar,Cartagena,Bogota,Sencillo,1036,6.5,$ 3.250.000,114.6,22.5,Entregado
CG-1052,2026-07-28,CARLOS PENA,Cali,Buenaventura,Doble troque,133,10.4,967000,19.2,5.8,Entregado
CG-1421,2026-03-14,Luis Ramirez,Bogota,bucaramanga,Turbo,376,4.3,890000,43.9,10.9,En ruta
CG-1256,2026-02-12,Carlos Pena,Cali,Buenaventura,Turbo,114,3.6,287000,13.6,4.6,Entregado
CG-1149,03-04-2026,Julian Castro,Bogota,Bucaramanga,Tractomula,423,32.2,3494000,78.7,10.6,Entregado
CG-1008,2026-07-19,Diego Salazar,Bogota,Medellin,Turbo,442,3.3,14098000,48.6,9.9,Entregado
CG-1159,2026-04-23,Diego Salazar,Bogota,Cali,Doble troque,442,13.2,2294000,62.9,10.9,Entregado
CG-1069,2026-07-04,Wilson Ortiz,Bucaramanga,cucuta,Tractomula,198,31.3,2219000,43.1,6.1,Entregado
CG-1231,2026-01-17,Luis Ramirez,Cartagena,Bogota,Tractomula,1081,30.7,7087000,218.9,24.6,Entregado
CG-1444,2026-07-18,HECTOR VARGAS,  BOGOTA ,Bucaramanga,Tractomula,420,14.2,3014000,69.1,11,Entregado
CG-1057,2026-05-02,JULIAN CASTRO,Bogota,Medellin,Sencillo,436,6.6,1683000,55.1,9.8,En ruta
CG-1512,2026-03-26,Fabian Rojas,Bucaramanga,Cucuta,Turbo,189,4.9,$ 456.000,22,5.4,Cancelado
CG-1466,2026-07-14,DIEGO SALAZAR,Bogota,Medellin,Doble troque,409,,2019000,58.5,12.3,Entregado
CG-1518,2026-09-05,Carlos Pena,Bogota,Villavicencio,Turbo,135,4.1,$ 392.000,15.4,4.1,Cancelado
CG-1181,07/05/2026,Wilson Ortiz,Cali,Buenaventura,Turbo,-130,4,366000,14.4,4.1,Entregado
CG-1056,2026-03-22,Wilson Ortiz,  BARRANQUILLA ,santa marta,Tractomula,96,32.1,1845000,17.4,3.8,Cancelado
CG-1253,2026-07-29,Diego Salazar,Cali,Buenaventura,Turbo,116,4,298000,13.9,4.2,Entregado
CG-1245,30-03-2026,FABIAN ROJAS,Medellin,Cartagena,Doble troque,600,14.2,3053000,86,,Entregado
CG-1032,2026-02-13,Fabian Rojas,Barranquilla,Santa Marta,Sencillo,105,7.7,593000,13.2,3.8,Entregado
CG-1250,2026-01-24,Wilson Ortiz,Cali,buenaventura,Turbo,110,3.8,467000,13.6,3.3,Entregado
CG-1505,2026-05-20,Diego Salazar,Cartagena,Bogota,Tractomula,1136,22,$ 7.052.000,259.8,25.7,En ruta
CG-1274,2026-09-11,CARLOS PENA,Barranquilla,santa marta,Sencillo,98,7.9,669000,12.5,3.3,Entregado
CG-1006,2026-05-19,DIEGO SALAZAR,Bogota,villavicencio,Doble troque,127,13.8,,18.1,5,Entregado
CG-1516,29/06/2026,Andres Gomez,Cali,Medellin,Sencillo,404,7.5,$ 1.344.000,44.5,10.5,Entregado
CG-1393,2026-07-22,Hector Vargas,  BOGOTA ,Medellin,Sencillo,401,8.5,1503000,51.4,11.1,Cancelado
CG-1340,18-04-2026,Fabian Rojas,Cali,buenaventura,Sencillo,119,6.2,671000,15.8,4.2,Entregado
CG-1102,2026-03-06,Jorge Muñoz,Cartagena,Bogota,Doble troque,1097,12.6,4850000,148.9,25.7,Entregado
CG-1041,2026-01-09,Diego Salazar,Bogota,Medellin,Doble troque,425,15.2,2309000,59.8,,Entregado
CG-1243,12/06/2026,Fabian Rojas,  BARRANQUILLA ,Santa Marta,Tractomula,90,21.5,1459000,17.8,3.9,Entregado
CG-1134,2026-05-15,Wilson Ortiz,Medellin,Cartagena,Turbo,572,3.9,1173000,66.6,14.9,Cancelado
CG-1444,2026-07-18,HECTOR VARGAS,  BOGOTA ,Bucaramanga,Tractomula,420,14.2,3014000,69.1,11,Entregado
CG-1173,02-04-2026,Carlos Pena,  BUCARAMANGA ,Cucuta,Tractomula,203,24.1,2046000,40.1,6.1,Entregado
CG-1117,17/06/2026,Luis Ramirez,Barranquilla,Santa Marta,Tractomula,95,26.1,1650000,21.7,4.6,Cancelado
CG-1176,2026-02-23,Fabian Rojas,Cali,Buenaventura,Sencillo,122,6.8,649000,13.9,3.7,Cancelado
CG-1299,2026-02-10,Julian Castro,Barranquilla,Santa Marta,Tractomula,100,25.2,1603000,19.2,3.4,En ruta
CG-1049,2026-04-11,Jorge Muñoz,Bogota,Barranquilla,Sencillo,1027,7.1,3228000,140.7,24.4,Entregado
CG-1263,2026-09-12,Luis Ramirez,Cali,Buenaventura,Turbo,121,3.8,607000,13.7,4.1,Cancelado
CG-1121,2026-02-07,Julian Castro,  BUCARAMANGA ,Cucuta,Doble troque,210,12.5,1440000,27,6.5,Entregado
CG-1330,2026-06-08,LUIS RAMIREZ,  BOGOTA ,Bucaramanga,Sencillo,413,7.3,$ 1.534.000,45.1,10,Entregado
CG-1412,2026-04-26,WILSON ORTIZ,Cali,Medellin,Turbo,394,3.4,910000,50.6,11.1,En ruta
CG-1238,23/06/2026,Hector Vargas,Bogota,Medellin,Turbo,454,3.9,,50.3,10.5,Cancelado
CG-1428,2026-06-28,Mauricio Leon,  BOGOTA ,Bucaramanga,Doble troque,405,12.7,2189000,53.1,9.9,Entregado
CG-1234,2026-06-11,Carlos Pena,Bogota,villavicencio,Sencillo,130,6.1,$ 718.000,15,5,Entregado
CG-1197,10/07/2026,JORGE MUÑOZ,Barranquilla,Santa Marta,Sencillo,90,9.3,945000,10.7,4.5,Entregado
CG-1283,22/08/2026,MAURICIO LEON,  BOGOTA ,medellin,Turbo,393,4,1043000,45.7,10,Entregado
CG-1254,2026-08-04,Luis Ramirez,Bucaramanga,Cucuta,Tractomula,201,18.3,2024000,40.1,6.1,Cancelado
CG-1249,12-03-2026,Wilson Ortiz,Cartagena,Bogota,Doble troque,1074,17.9,$ 4.986.000,131.3,24.9,En ruta
CG-1016,07/07/2026,Fabian Rojas,Bogota,Cali,Turbo,474,3.6,1275000,54.9,12.1,En ruta
CG-1392,2026-02-27,Carlos Pena,Bogota,Bucaramanga,Turbo,411,,1083000,48.7,10.6,Entregado
CG-1092,02-05-2026,Fabian Rojas,  CALI ,buenaventura,Doble troque,122,9.7,1018000,15.6,4.3,Entregado
CG-1458,2026-03-22,Jorge Muñoz,Medellin,Cartagena,Sencillo,686,5.4,$ 2.212.000,83.5,15.9,Entregado
CG-1479,2026-07-10,Julian Castro,Medellin,Bogota,Doble troque,366,11.8,1702000,49,10.4,Entregado
CG-1113,2026-09-02,DIEGO SALAZAR,Bogota,Villavicencio,Sencillo,129,7,742000,16.5,5,Entregado
CG-1361,15/08/2026,Diego Salazar,Bogota,Medellin,Doble troque,402,15.7,2183000,58.2,11.7,Entregado
CG-1301,2026-02-27,Carlos Pena,Cartagena,Bogota,Doble troque,1054,11.9,4641000,144.7,25.9,Entregado
CG-1292,2026-04-10,Luis Ramirez,Bogota,cali,Sencillo,465,6.7,,60.9,12.5,Entregado
CG-1484,2026-06-11,Julian Castro,Bucaramanga,cucuta,Doble troque,218,11.4,$ 1.293.000,28.4,5.2,Entregado
CG-1471,2026-06-12,Julian Castro,  BOGOTA ,Cali,Sencillo,455,5,1722000,59.6,11.1,Entregado
CG-1089,17/02/2026,Hector Vargas,  BOGOTA ,Cali,Sencillo,443,6.4,$ 1.439.000,58.9,10.9,Entregado
CG-1139,24/06/2026,Wilson Ortiz,  CALI ,Medellin,Tractomula,452,23.9,3395000,87.7,11,Entregado
CG-1399,2026-04-18,LUIS RAMIREZ,Bucaramanga,Cucuta,Sencillo,203,7,818000,23.4,5.2,Entregado
CG-1508,2026-03-04,WILSON ORTIZ,Cartagena,Bogota,Doble troque,1057,14.6,$ 4.686.000,133.8,,En ruta
CG-1127,26/01/2026,MAURICIO LEON,Bogota,Barranquilla,Tractomula,975,21.9,6211000,176.5,23.8,En ruta
CG-1476,28/06/2026,Carlos Pena,Bogota,Barranquilla,Doble troque,1034,8.9,4395000,125.4,23.7,Entregado
CG-1405,02/08/2026,Luis Ramirez,Cartagena,Bogota,Turbo,1081,4,2445000,121.5,30.5,Entregado
CG-1287,2026-06-03,Diego Salazar,Cartagena,Bogota,Sencillo,987,6.8,3363000,127.5,23.8,Entregado
CG-1196,12/08/2026,HECTOR VARGAS,Bogota,Barranquilla,Doble troque,981,9.8,4298000,140.3,23,Entregado
CG-1236,10/08/2026,Jorge Muñoz,Bogota,Cali,Turbo,494,4.1,$ 1.311.000,63.4,,En ruta
CG-1030,12/02/2026,Carlos Pena,Bogota,Cali,Doble troque,473,13.5,2549000,65.3,13.5,Entregado
CG-1400,02/05/2026,Hector Vargas,Cartagena,Bogota,Sencillo,1067,7.2,3462000,134.7,22,Entregado
CG-1351,2026-03-27,Jorge Muñoz,Bogota,Barranquilla,Sencillo,982,7.6,$ 3.203.000,119.1,,Cancelado
CG-1434,2026-09-06,Andres Gomez,  BUCARAMANGA ,Cucuta,Turbo,204,3,549000,24.6,6.7,En ruta
CG-1164,04-09-2026,Fabian Rojas,Barranquilla,Santa Marta,Turbo,101,2.6,303000,11.1,4.6,Entregado
CG-1325,2026-04-19,Luis Ramirez,  BARRANQUILLA ,Santa Marta,Turbo,97,3.2,$ 275.000,11.4,3,Entregado
CG-1483,2026-07-25,Fabian Rojas,Cali,Buenaventura,Tractomula,114,27.2,$ 1.901.000,21.3,3.6,Entregado
CG-1069,2026-07-04,Wilson Ortiz,Bucaramanga,cucuta,Tractomula,198,31.3,2219000,43.1,6.1,Entregado
CG-1009,2026-09-05,Fabian Rojas,Bogota,Villavicencio,Sencillo,123,6.5,,15.5,3.8,Entregado
CG-1027,24-02-2026,Mauricio Leon,Medellin,Bogota,Sencillo,392,7.6,1650000,46.9,12,Entregado
CG-1510,2026-06-04,Julian Castro,  BOGOTA ,Bucaramanga,Tractomula,383,23.9,$ 3.248.000,69.5,10.6,Cancelado
CG-1504,2026-04-05,Wilson Ortiz,Bucaramanga,Cucuta,Turbo,210,5,476000,23.7,6.4,Entregado
CG-1259,2026-08-24,Julian Castro,Bogota,Medellin,Sencillo,460,5,1624000,50.8,12.1,Entregado
CG-1119,2026-02-20,Hector Vargas,Bogota,Cali,Sencillo,-417,7.1,1342000,50.1,11.7,En ruta
CG-1446,04/09/2026,Mauricio Leon,Medellin,Cartagena,Doble troque,705,12,3232000,93.4,16.7,Cancelado
CG-1112,28/02/2026,Andres Gomez,Cartagena,Bogota,Tractomula,1114,33.8,7400000,183.5,22.3,Entregado
CG-1214,25/05/2026,JULIAN CASTRO,Cartagena,bogota,Sencillo,1035,5.6,$ 3.171.000,128.4,24,Entregado
CG-1055,05-05-2026,JULIAN CASTRO,Cartagena,Bogota,Doble troque,1104,12.3,$ 70.504.000,174.3,25.7,Cancelado
CG-1475,2026-08-07,Mauricio Leon,Cali,Buenaventura,Sencillo,127,6.1,592000,15.9,3.6,En ruta
CG-1047,2026-07-09,Hector Vargas,Bucaramanga,Cucuta,Doble troque,208,13.5,$ 1.539.000,25.6,,En ruta
CG-1494,10/09/2026,Hector Vargas,Barranquilla,Santa Marta,Sencillo,91,,$ 326.000,11.6,3,Entregado
CG-1194,20/02/2026,HECTOR VARGAS,Cartagena,Bogota,Doble troque,1084,11,$ 4.578.000,148,25.8,Entregado
CG-1469,2026-07-13,Hector Vargas,Medellin,Cartagena,Sencillo,706,6.1,$ 2.235.000,92.2,16.3,Cancelado
CG-1019,2026-01-23,Andres Gomez,Medellin,Cartagena,Doble troque,595,13.9,$ 2.921.000,88.4,13.3,Entregado
CG-1410,2026-06-19,WILSON ORTIZ,Medellin,Cartagena,Turbo,-621,3.8,1594000,69.1,14.1,Entregado
CG-1093,2026-05-30,Diego Salazar,Cartagena,bogota,Turbo,1011,3.3,,118.8,25.8,Entregado
CG-1141,2026-04-15,HECTOR VARGAS,Bogota,Barranquilla,Sencillo,879,8,2903000,103.9,21.4,Entregado
CG-1309,2026-03-24,Carlos Pena,  BOGOTA ,Villavicencio,Turbo,114,2.4,406000,12.8,4,Entregado
CG-1125,2026-03-25,JORGE MUÑOZ,Bogota,Cali,Sencillo,-451,5.2,$ 1.824.000,49.3,10.3,Entregado
CG-1260,23/03/2026,Mauricio Leon,  CALI ,Medellin,Doble troque,371,13.8,2077000,55.4,9.6,Entregado
CG-1100,21/01/2026,JULIAN CASTRO,Bogota,Barranquilla,Turbo,1067,4.7,2502000,119.4,22.3,Entregado
CG-1358,2026-08-29,Carlos Pena,Barranquilla,Santa Marta,Doble troque,98,14.1,698000,13.8,3.9,Entregado
CG-1189,2026-02-08,JULIAN CASTRO,Cartagena,Bogota,Tractomula,1126,23.3,7071000,192,29.5,Entregado
CG-1385,2026-04-11,HECTOR VARGAS,  BOGOTA ,Barranquilla,Sencillo,1055,4.6,3407000,131.4,25.2,Cancelado
CG-1415,2026-09-07,Diego Salazar,  BUCARAMANGA ,Cucuta,Tractomula,187,24.9,1886000,39.7,5.8,Entregado
CG-1020,29/05/2026,Hector Vargas,Cali,Medellin,Sencillo,461,8.2,$ 1.833.000,62,10.9,Entregado
CG-1312,2026-05-22,Fabian Rojas,  BOGOTA ,Bucaramanga,Sencillo,410,5.7,1612000,48,10.8,Entregado
CG-1063,2026-04-18,JULIAN CASTRO,Bogota,Cali,Tractomula,387,30.5,3434000,61.7,9.7,Cancelado
CG-1307,15/06/2026,CARLOS PENA,Cartagena,Bogota,Turbo,1047,4.1,,122.3,22.5,Entregado
CG-1034,2026-04-12,Diego Salazar,Cali,Buenaventura,Doble troque,119,9.5,920000,16.2,5.3,Cancelado
CG-1473,03/04/2026,Andres Gomez,Bogota,Villavicencio,Doble troque,115,13.8,921000,18,4.5,Entregado
CG-1407,2026-03-25,JULIAN CASTRO,Bogota,Villavicencio,Doble troque,129,10.7,653000,15.1,2.7,Entregado
CG-1390,12/05/2026,Luis Ramirez,Bogota,Medellin,Tractomula,403,32.5,3841000,80.9,9.5,Entregado
CG-1269,2026-01-16,DIEGO SALAZAR,Bucaramanga,Cucuta,Doble troque,218,11,1375000,30.6,6.6,Entregado
CG-1023,2026-04-02,Jorge Muñoz,Bogota,Cali,Doble troque,483,16.2,,69.5,13.5,Entregado
CG-1347,2026-05-24,ANDRES GOMEZ,Bogota,Barranquilla,Sencillo,958,4.3,3060000,121.3,23.8,Entregado
CG-1346,2026-02-01,Fabian Rojas,Bogota,Cali,Sencillo,472,8.8,$ 1.675.000,55.4,12.2,Entregado
CG-1190,2026-04-10,Julian Castro,Cartagena,Bogota,Tractomula,983,25.4,6493000,213.2,24.4,Entregado
CG-1273,2026-07-12,Andres Gomez,  CARTAGENA ,Bogota,Doble troque,993,11.8,,132.7,22.1,Entregado
CG-1020,29/05/2026,Hector Vargas,Cali,Medellin,Sencillo,461,8.2,$ 1.833.000,62,10.9,Entregado
CG-1135,2026-08-31,Carlos Pena,Bogota,bucaramanga,Doble troque,454,16,2410000,59.8,13.1,Entregado
CG-1103,2026-02-23,WILSON ORTIZ,Cali,Buenaventura,Sencillo,127,6.6,$ 733.000,15.8,3.9,Entregado
CG-1278,2026-02-22,Carlos Pena,Bogota,Medellin,Doble troque,432,12.4,$ 2.284.000,57.8,11.2,Cancelado
CG-1356,28/02/2026,DIEGO SALAZAR,Medellin,Bogota,Sencillo,371,6.9,1528000,48.9,8.5,Entregado
CG-1248,2026-01-25,JORGE MUÑOZ,Barranquilla,Santa Marta,Tractomula,-95,30.8,1903000,18.2,3.3,Entregado
CG-1158,2026-02-04,Luis Ramirez,Bogota,Barranquilla,Tractomula,960,26.3,6233000,160.7,24,En ruta
CG-1311,12-02-2026,Mauricio Leon,Bogota,Villavicencio,Turbo,125,2.5,405000,15.1,3.7,Entregado
CG-1083,2026-09-06,Luis Ramirez,Bogota,Bucaramanga,Sencillo,400,8.9,1475000,46.2,10.9,Entregado
CG-1509,2026-03-26,Wilson Ortiz,Medellin,cartagena,Sencillo,662,4.4,2143000,88.7,14.8,Entregado
CG-1237,2026-07-08,Carlos Pena,Bogota,medellin,Turbo,423,4,1030000,49.7,11,Entregado
CG-1374,2026-09-03,Andres Gomez,Barranquilla,Santa Marta,Tractomula,90,29.8,1568000,18.7,,Entregado
CG-1345,2026-06-16,Andres Gomez,  BOGOTA ,Medellin,Turbo,438,4.6,1062000,51.1,10.6,Cancelado
CG-1370,2026-05-03,Hector Vargas,Bogota,Villavicencio,Sencillo,115,5,$ 386.000,16.6,2.7,Entregado
CG-1418,16/08/2026,Diego Salazar,Bogota,Cali,Sencillo,420,6.9,,47.4,13.6,En ruta
CG-1465,01/07/2026,Carlos Pena,Bogota,Villavicencio,Turbo,130,3.2,$ 399.000,15,4.7,Entregado
CG-1295,22/03/2026,Hector Vargas,Bogota,Barranquilla,Tractomula,948,24.3,6203000,166.2,19.7,En ruta
CG-1059,2026-02-15,Wilson Ortiz,Barranquilla,santa marta,Doble troque,89,11.4,899000,12.6,2.8,En ruta
CG-1080,16/01/2026,Luis Ramirez,Bucaramanga,Cucuta,Doble troque,202,13.1,15946000,28.1,5.2,Entregado
CG-1060,2026-07-12,Luis Ramirez,Bogota,Barranquilla,Tractomula,911,25.8,6154000,177.8,25.2,Entregado
CG-1294,2026-04-08,Diego Salazar,Bogota,Villavicencio,Tractomula,129,22,1570000,23,4.3,Entregado
CG-1488,2026-06-01,Julian Castro,Cali,Medellin,Turbo,453,4.6,$ 1.170.000,54.8,11.6,Entregado
CG-1355,2026-05-04,Mauricio Leon,  BOGOTA ,Bucaramanga,Sencillo,398,7.1,1341000,52.6,10.8,Entregado
CG-1519,17/03/2026,CARLOS PENA,Bogota,Villavicencio,Tractomula,126,20.1,1672000,22.3,4.7,Entregado
CG-1213,2026-02-27,Julian Castro,  CALI ,Buenaventura,Turbo,115,3.1,,13.6,4.1,Entregado
CG-1152,01/06/2026,JULIAN CASTRO,Cartagena,Bogota,Turbo,1055,4.2,2457000,132.7,24,Entregado
CG-1064,2026-09-08,Diego Salazar,Bogota,Villavicencio,Sencillo,122,6.3,627000,15,4.8,Entregado
CG-1114,2026-01-07,JULIAN CASTRO,Medellin,cartagena,Doble troque,541,16.6,2940000,78.8,13,Entregado
CG-1310,2026-02-09,Julian Castro,Bogota,villavicencio,Doble troque,124,11.9,1076000,15,5.3,Entregado
CG-1422,2026-03-07,Carlos Pena,Barranquilla,Santa Marta,Turbo,99,3.6,461000,11.5,3.8,Entregado
CG-1082,2026-01-23,Mauricio Leon,Cartagena,Bogota,Tractomula,1081,33.2,7303000,228.1,26.7,En ruta
CG-1219,21-04-2026,Mauricio Leon,Bogota,barranquilla,Sencillo,949,5.4,$ 2.936.000,127.8,23.2,Entregado
CG-1043,2026-04-16,Carlos Pena,Bogota,Medellin,Doble troque,406,5.9,1845000,52.6,12.5,Entregado
CG-1239,03/07/2026,Andres Gomez,Cartagena,Bogota,Turbo,1128,4.8,2638000,143.2,26.7,Cancelado
CG-1193,24-07-2026,CARLOS PENA,Medellin,Cartagena,Doble troque,602,17.2,3082000,79.8,14.4,Entregado
CG-1122,15/07/2026,Luis Ramirez,Medellin,Bogota,Sencillo,425,5.7,1655000,52.7,14.3,En ruta
CG-1450,21/04/2026,HECTOR VARGAS,Bogota,Villavicencio,Turbo,135,2.3,446000,14,5.4,En ruta
CG-1083,2026-09-06,Luis Ramirez,Bogota,Bucaramanga,Sencillo,400,8.9,1475000,46.2,10.9,Entregado
CG-1052,2026-07-28,CARLOS PENA,Cali,Buenaventura,Doble troque,133,10.4,967000,19.2,5.8,Entregado
CG-1255,2026-07-03,Julian Castro,Cali,Buenaventura,Sencillo,127,8.2,583000,14.2,4.9,Entregado
CG-1165,11/09/2026,Julian Castro,Bogota,Villavicencio,Doble troque,129,11.7,,19.7,4.2,Entregado
CG-1500,2026-06-05,Wilson Ortiz,Barranquilla,Santa Marta,Sencillo,98,9.7,708000,11.6,4.7,Entregado
CG-1111,2026-05-26,FABIAN ROJAS,Bogota,Medellin,Sencillo,444,7.3,,53.4,10.8,Entregado
CG-1116,13/07/2026,Luis Ramirez,Cali,Buenaventura,Sencillo,119,,686000,13,4.5,En ruta
CG-1104,2026-01-16,Jorge Muñoz,Medellin,Cartagena,Doble troque,624,14.3,3261000,87.3,14.5,Entregado
CG-1244,24/04/2026,Carlos Pena,Bogota,Villavicencio,Doble troque,127,13.4,,15,3.7,Entregado
CG-1157,2026-02-10,Mauricio Leon,Medellin,Cartagena,Sencillo,651,8.3,2287000,79,15.4,Entregado
CG-1277,2026-02-26,Julian Castro,Medellin,Cartagena,Turbo,624,3.3,1430000,76.9,12.1,Entregado
CG-1440,2026-01-18,Luis Ramirez,Bogota,Medellin,Tractomula,416,23.3,3082000,70.4,10.8,Entregado
CG-1063,2026-04-18,JULIAN CASTRO,Bogota,Cali,Tractomula,387,30.5,3434000,61.7,9.7,Cancelado
CG-1381,2026-05-03,Diego Salazar,Medellin,Cartagena,Doble troque,568,11.9,37772000,81.6,13.4,Entregado
CG-1463,2026-03-06,Fabian Rojas,Bogota,Cali,Tractomula,411,,2911000,90.1,9.2,Entregado
